"","page","page_id","post_id","post_text","comment_id","text","tags"
"1","instagram","ba29aa0c15ff9cef639baa3b8f0303eb","https://www.instagram.com/p/CxHAaIPs-4D/","crhoy
#Nacionales - Costa Rica decidi√≥ postular a la ingeniera industrial, Gisela S√°nchez Maroto, para la presidencia del Banco Centroamericano de Integraci√≥n Econ√≥mica (BCIE).‚Å†
‚Å†
S√°nchez Maroto fue presentada por el Poder Ejecutivo este martes en una conferencia de prensa en la Presidencia de la‚Å†
Rep√∫blica.‚Å†
‚Å†
Lo invitamos a leer la nota completa ingresando al link en bio üìå - @crhoy
5h
josefloriacr
Presentar a una ingeniero a la.presidencia de un banco es como presentar a un abogado a dirigir el hospital.de ni√±os.
3hReply
See translation
jose.joaquin.fernandez
El BCIE debe cerrarse. Este ‚Äúbanco‚Äù fue creado para crear plazas a los pegabanderas y amigos de los gobernantes. El BCIE se financia con impuestos y su segunda funci√≥n es alcahuetear a los gobiernos irresponsables.
37mReply
See translation
denar82828
mi primera experiencia resulta estar llena de pensamientos negativos, pero nunca me rend√≠ porque sab√≠a que funcionar√≠a para m√≠ si lo intentaba continuamente, afortunadamente hoy estoy sonriendo y todo es porque me involucr√© con @trader_vanessaf muchas gracias querida
5hReply
See translation
mary.beq
Me salvas la vida, fuera de deudas y no creo que alguna vez pueda decirte lo mucho que significas para m√≠, seguir√© cont√°ndole a la gente sobre tu buen trabajo en mi vida @trader_eliza_investment
5hReply
See translation
View hidden comments
These comments were hidden because they may be misleading, offensive or spam. People can still tap to view them.","a860886fd9492b38b78f674794171c13","crhoy
#nacionales - costa rica decidi√≥ postular a la ingeniera industrial, gisela s√°nchez maroto, para la presidencia del banco centroamericano de integraci√≥n econ√≥mica (bcie).‚Å†
‚Å†
s√°nchez maroto fue presentada por el poder ejecutivo este martes en una conferencia de prensa en la presidencia de la‚Å†
rep√∫blica.‚Å†
‚Å†
lo invitamos a leer la nota completa ingresando al link en bio üìå - @crhoy
5h
josefloriacr
presentar a una ingeniero a la.presidencia de un banco es como presentar a un abogado a dirigir el hospital.de ni√±os.
3hreply
see translation
jose.joaquin.fernandez
el bcie debe cerrarse. este ‚Äúbanco‚Äù fue creado para crear plazas a los pegabanderas y amigos de los gobernantes. el bcie se financia con impuestos y su segunda funci√≥n es alcahuetear a los gobiernos irresponsables.
37mreply
see translation
denar82828
mi primera experiencia resulta estar llena de pensamientos negativos, pero nunca me rend√≠ porque sab√≠a que funcionar√≠a para m√≠ si lo intentaba continuamente, afortunadamente hoy estoy sonriendo y todo es porque me involucr√© con @trader_vanessaf muchas gracias querida
5hreply
see translation
mary.beq
me salvas la vida, fuera de deudas y no creo que alguna vez pueda decirte lo mucho que significas para m√≠, seguir√© cont√°ndole a la gente sobre tu buen trabajo en mi vida @trader_eliza_investment
5hreply
see translation
view hidden comments
these comments were hidden because they may be misleading, offensive or spam. people can still tap to view them.","Nacionales, Costa Rica, ingenier√≠a industrial, Gisela S√°nchez Maroto, Presidencia, Poder Ejecutivo, Banco Centroamericano de Integraci√≥n Econ√≥mica (BCIE), impuestos, pegabanderas, alcahuete, deudas, inversiones."
"2","instagram","ba29aa0c15ff9cef639baa3b8f0303eb","https://www.instagram.com/p/CxHAaIPs-4D/","crhoy
#Nacionales - Costa Rica decidi√≥ postular a la ingeniera industrial, Gisela S√°nchez Maroto, para la presidencia del Banco Centroamericano de Integraci√≥n Econ√≥mica (BCIE).‚Å†
‚Å†
S√°nchez Maroto fue presentada por el Poder Ejecutivo este martes en una conferencia de prensa en la Presidencia de la‚Å†
Rep√∫blica.‚Å†
‚Å†
Lo invitamos a leer la nota completa ingresando al link en bio üìå - @crhoy
5h
josefloriacr
Presentar a una ingeniero a la.presidencia de un banco es como presentar a un abogado a dirigir el hospital.de ni√±os.
3hReply
See translation
jose.joaquin.fernandez
El BCIE debe cerrarse. Este ‚Äúbanco‚Äù fue creado para crear plazas a los pegabanderas y amigos de los gobernantes. El BCIE se financia con impuestos y su segunda funci√≥n es alcahuetear a los gobiernos irresponsables.
37mReply
See translation
denar82828
mi primera experiencia resulta estar llena de pensamientos negativos, pero nunca me rend√≠ porque sab√≠a que funcionar√≠a para m√≠ si lo intentaba continuamente, afortunadamente hoy estoy sonriendo y todo es porque me involucr√© con @trader_vanessaf muchas gracias querida
5hReply
See translation
mary.beq
Me salvas la vida, fuera de deudas y no creo que alguna vez pueda decirte lo mucho que significas para m√≠, seguir√© cont√°ndole a la gente sobre tu buen trabajo en mi vida @trader_eliza_investment
5hReply
See translation
View hidden comments
These comments were hidden because they may be misleading, offensive or spam. People can still tap to view them.","341949056432b76fb78c2f41b3150d30","crhoy
#nacionales - costa rica decidi√≥ postular a la ingeniera industrial, gisela s√°nchez maroto, para la presidencia del banco centroamericano de integraci√≥n econ√≥mica (bcie).‚Å†
‚Å†
s√°nchez maroto fue presentada por el poder ejecutivo este martes en una conferencia de prensa en la presidencia de la‚Å†
rep√∫blica.‚Å†
‚Å†
lo invitamos a leer la nota completa ingresando al link en bio üìå - @crhoy
5h
josefloriacr
presentar a una ingeniero a la.presidencia de un banco es como presentar a un abogado a dirigir el hospital.de ni√±os.
3hreply
see translation
jose.joaquin.fernandez
el bcie debe cerrarse. este ‚Äúbanco‚Äù fue creado para crear plazas a los pegabanderas y amigos de los gobernantes. el bcie se financia con impuestos y su segunda funci√≥n es alcahuetear a los gobiernos irresponsables.
37mreply
see translation
denar82828
mi primera experiencia resulta estar llena de pensamientos negativos, pero nunca me rend√≠ porque sab√≠a que funcionar√≠a para m√≠ si lo intentaba continuamente, afortunadamente hoy estoy sonriendo y todo es porque me involucr√© con @trader_vanessaf muchas gracias querida
5hreply
see translation
mary.beq
me salvas la vida, fuera de deudas y no creo que alguna vez pueda decirte lo mucho que significas para m√≠, seguir√© cont√°ndole a la gente sobre tu buen trabajo en mi vida @trader_eliza_investment
5hreply
see translation
view hidden comments
these comments were hidden because they may be misleading, offensive or spam. people can still tap to view them.","Nacionales, Costa Rica, ingeniera industrial, Gisela S√°nchez Maroto, Presidencia de la Rep√∫blica, BCIE, impuestos, gobernantes, deudas, finanzas."
"3","instagram","ba29aa0c15ff9cef639baa3b8f0303eb","https://www.instagram.com/p/CxHAaIPs-4D/","crhoy
#Nacionales - Costa Rica decidi√≥ postular a la ingeniera industrial, Gisela S√°nchez Maroto, para la presidencia del Banco Centroamericano de Integraci√≥n Econ√≥mica (BCIE).‚Å†
‚Å†
S√°nchez Maroto fue presentada por el Poder Ejecutivo este martes en una conferencia de prensa en la Presidencia de la‚Å†
Rep√∫blica.‚Å†
‚Å†
Lo invitamos a leer la nota completa ingresando al link en bio üìå - @crhoy
5h
josefloriacr
Presentar a una ingeniero a la.presidencia de un banco es como presentar a un abogado a dirigir el hospital.de ni√±os.
3hReply
See translation
jose.joaquin.fernandez
El BCIE debe cerrarse. Este ‚Äúbanco‚Äù fue creado para crear plazas a los pegabanderas y amigos de los gobernantes. El BCIE se financia con impuestos y su segunda funci√≥n es alcahuetear a los gobiernos irresponsables.
37mReply
See translation
denar82828
mi primera experiencia resulta estar llena de pensamientos negativos, pero nunca me rend√≠ porque sab√≠a que funcionar√≠a para m√≠ si lo intentaba continuamente, afortunadamente hoy estoy sonriendo y todo es porque me involucr√© con @trader_vanessaf muchas gracias querida
5hReply
See translation
mary.beq
Me salvas la vida, fuera de deudas y no creo que alguna vez pueda decirte lo mucho que significas para m√≠, seguir√© cont√°ndole a la gente sobre tu buen trabajo en mi vida @trader_eliza_investment
5hReply
See translation
View hidden comments
These comments were hidden because they may be misleading, offensive or spam. People can still tap to view them.","ddeddbf136fce277a160b1f61f5d062d","crhoy
#nacionales - costa rica decidi√≥ postular a la ingeniera industrial, gisela s√°nchez maroto, para la presidencia del banco centroamericano de integraci√≥n econ√≥mica (bcie).‚Å†
‚Å†
s√°nchez maroto fue presentada por el poder ejecutivo este martes en una conferencia de prensa en la presidencia de la‚Å†
rep√∫blica.‚Å†
‚Å†
lo invitamos a leer la nota completa ingresando al link en bio üìå - @crhoy
5h
josefloriacr
presentar a una ingeniero a la.presidencia de un banco es como presentar a un abogado a dirigir el hospital.de ni√±os.
3hreply
see translation
jose.joaquin.fernandez
el bcie debe cerrarse. este ‚Äúbanco‚Äù fue creado para crear plazas a los pegabanderas y amigos de los gobernantes. el bcie se financia con impuestos y su segunda funci√≥n es alcahuetear a los gobiernos irresponsables.
37mreply
see translation
denar82828
mi primera experiencia resulta estar llena de pensamientos negativos, pero nunca me rend√≠ porque sab√≠a que funcionar√≠a para m√≠ si lo intentaba continuamente, afortunadamente hoy estoy sonriendo y todo es porque me involucr√© con @trader_vanessaf muchas gracias querida
5hreply
see translation
mary.beq
me salvas la vida, fuera de deudas y no creo que alguna vez pueda decirte lo mucho que significas para m√≠, seguir√© cont√°ndole a la gente sobre tu buen trabajo en mi vida @trader_eliza_investment
5hreply
see translation
view hidden comments
these comments were hidden because they may be misleading, offensive or spam. people can still tap to view them.","Nacionales, Costa Rica, ingeniera industrial, Gisela S√°nchez Maroto, Banco Centroamericano de Integraci√≥n Econ√≥mica, BCIE, impuestos, responsabilidad, deudas."
"4","instagram","ba29aa0c15ff9cef639baa3b8f0303eb","https://www.instagram.com/p/CxHAaIPs-4D/","crhoy
#Nacionales - Costa Rica decidi√≥ postular a la ingeniera industrial, Gisela S√°nchez Maroto, para la presidencia del Banco Centroamericano de Integraci√≥n Econ√≥mica (BCIE).‚Å†
‚Å†
S√°nchez Maroto fue presentada por el Poder Ejecutivo este martes en una conferencia de prensa en la Presidencia de la‚Å†
Rep√∫blica.‚Å†
‚Å†
Lo invitamos a leer la nota completa ingresando al link en bio üìå - @crhoy
5h
josefloriacr
Presentar a una ingeniero a la.presidencia de un banco es como presentar a un abogado a dirigir el hospital.de ni√±os.
3hReply
See translation
jose.joaquin.fernandez
El BCIE debe cerrarse. Este ‚Äúbanco‚Äù fue creado para crear plazas a los pegabanderas y amigos de los gobernantes. El BCIE se financia con impuestos y su segunda funci√≥n es alcahuetear a los gobiernos irresponsables.
37mReply
See translation
denar82828
mi primera experiencia resulta estar llena de pensamientos negativos, pero nunca me rend√≠ porque sab√≠a que funcionar√≠a para m√≠ si lo intentaba continuamente, afortunadamente hoy estoy sonriendo y todo es porque me involucr√© con @trader_vanessaf muchas gracias querida
5hReply
See translation
mary.beq
Me salvas la vida, fuera de deudas y no creo que alguna vez pueda decirte lo mucho que significas para m√≠, seguir√© cont√°ndole a la gente sobre tu buen trabajo en mi vida @trader_eliza_investment
5hReply
See translation
View hidden comments
These comments were hidden because they may be misleading, offensive or spam. People can still tap to view them.","cbc4c750cefec8000a6808e3045cb58a","crhoy
#nacionales - costa rica decidi√≥ postular a la ingeniera industrial, gisela s√°nchez maroto, para la presidencia del banco centroamericano de integraci√≥n econ√≥mica (bcie).‚Å†
‚Å†
s√°nchez maroto fue presentada por el poder ejecutivo este martes en una conferencia de prensa en la presidencia de la‚Å†
rep√∫blica.‚Å†
‚Å†
lo invitamos a leer la nota completa ingresando al link en bio üìå - @crhoy
5h
josefloriacr
presentar a una ingeniero a la.presidencia de un banco es como presentar a un abogado a dirigir el hospital.de ni√±os.
3hreply
see translation
jose.joaquin.fernandez
el bcie debe cerrarse. este ‚Äúbanco‚Äù fue creado para crear plazas a los pegabanderas y amigos de los gobernantes. el bcie se financia con impuestos y su segunda funci√≥n es alcahuetear a los gobiernos irresponsables.
37mreply
see translation
denar82828
mi primera experiencia resulta estar llena de pensamientos negativos, pero nunca me rend√≠ porque sab√≠a que funcionar√≠a para m√≠ si lo intentaba continuamente, afortunadamente hoy estoy sonriendo y todo es porque me involucr√© con @trader_vanessaf muchas gracias querida
5hreply
see translation
mary.beq
me salvas la vida, fuera de deudas y no creo que alguna vez pueda decirte lo mucho que significas para m√≠, seguir√© cont√°ndole a la gente sobre tu buen trabajo en mi vida @trader_eliza_investment
5hreply
see translation
view hidden comments
these comments were hidden because they may be misleading, offensive or spam. people can still tap to view them.","BCIE, Banco Centroamericano de Integraci√≥n Econ√≥mica, Gisela S√°nchez Maroto, plazas, impuestos, gobernantes, deudas, inversi√≥n, financiamiento."
